Front,Back,Tags
What is Paley’s Design Argument?,"An a posteriori argument claiming that the order, complexity and purpose of the universe imply an intelligent designer (God).",CORE;AQA;OCR;EDUQAS;WJEC
What does 'a posteriori' mean?,An argument based on observation and experience of the world rather than pure reason.,CORE;AQA;OCR;EDUQAS;WJEC
What analogy does Paley use in the Design Argument?,"The watch found on a heath: complex parts working together imply a designer, just as the world implies God.",CORE;AQA;OCR;EDUQAS;WJEC
Why is Paley’s argument inductive?,"It draws a probable conclusion about God based on observed evidence, rather than offering absolute proof.",CORE;AQA;OCR;EDUQAS;WJEC
One strength of Paley’s Design Argument,"It is intuitive and accessible, as it relies on common-sense observations of order and purpose.",CORE;AQA;OCR;EDUQAS;WJEC
Hume: one criticism of the analogy,"The universe is unique, so we cannot confidently compare it to human-made objects like watches.",CORE;AQA;OCR;EDUQAS;WJEC
Hume: problem of anthropomorphism,"Even if the world has a designer, it does not follow that this designer is the God of classical theism.",CORE;AQA;OCR;EDUQAS;WJEC
Hume: problem of infinite regress,"If complexity requires a designer, then God would also require a designer.",CORE;AQA;OCR;EDUQAS;WJEC
How does evolution challenge Paley?,Darwin’s theory of natural selection explains apparent design without requiring a divine designer.,AQA;OCR
One response to evolution from theists,"Evolution may explain biological complexity, but not the origin or fine-tuning of the universe itself.",CORE;AQA;OCR;EDUQAS;WJEC
What is the Fine-Tuning Argument?,"The claim that the universe’s physical constants are precisely calibrated for life, suggesting intentional design.",AQA;OCR
How does Tennant modify the Design Argument?,Tennant focuses on the universe’s suitability for life rather than biological analogy.,AQA
Overall evaluation of the Design Argument,The argument is persuasive to some but weakened by scientific explanations and philosophical criticisms.,CORE;AQA;OCR;EDUQAS;WJEC
