Front,Back
What is the Teleological Argument?,An argument that claims the order and purpose in the universe show it was designed by an intelligent designer.
What does 'teleological' mean?,Relating to purpose or design.
Is the Teleological Argument a priori or a posteriori?,It is a posteriori because it is based on observation of the world.
Who developed the classic Teleological Argument?,William Paley.
What analogy does Paley use?,The watch found on a heath.
What does the watch analogy show?,Complex objects with purpose require a designer.
How does Paley apply the analogy to the universe?,The complexity of the universe implies an intelligent designer - God.
Why is Paley’s argument inductive?,It draws a probable conclusion rather than proving God with certainty.
One strength of Paley’s argument?,It is easy to understand and based on everyday experience.
What is Hume’s main criticism?,The universe is unique, so we cannot compare it to human-made objects.
What is the problem of weak analogy?,The universe is very different from a watch so the comparison may not be valid.
What is anthropomorphism?,Attributing human qualities to God.
How does evolution challenge the Design Argument?,Natural selection explains apparent design without a designer.
Who proposed the theory of evolution?,Charles Darwin.
What is the Fine-Tuning Argument?,The idea that the universe’s physical constants are precisely set for life.
How does Fine-Tuning support design?,The precise conditions suggest intentional calibration.
What is the Multiverse Theory?,The idea that many universes exist making fine-tuning a matter of chance.
Does the Teleological Argument prove the Christian God?,No, it does not prove God has the attributes of classical theism.


